source,type,status,via,found,new
Google News: poker,google_news,ok,,100,100
Pokeroff,auto,ok,rss: https://feeds.feedburner.com/pokeroff/eBcE,20,20
Pikabu #Покер,html,ok,,3,3
PekarStas,auto,ошибка: RuntimeError: ничего не найдено: нужен selector/url_pattern в sources.yaml,html,0,0
"2+2 News, Views, Gossip",auto,ошибка: RuntimeError: антибот-защита (Cloudflare): нужен браузер или другой канал,,0,0
CardMates,auto,ok,rss: https://cardmates.net/rss.xml,1,1
Poker Industry PRO,auto,ok,rss: https://pokerindustrypro.com/feeds/news/,12,12
Professional Rakeback,auto,ok,rss: https://professionalrakeback.com/rss.xml,10,10
Poker-Red,auto,ok,html,21,21
WorldPokerDeals,auto,ok,html,28,28
GipsyTeam Forum,auto,ошибка: RuntimeError: ничего не найдено: нужен selector/url_pattern в sources.yaml,html,0,0
Cardplayer Lifestyle,auto,ok,rss: https://cardplayerlifestyle.com/feed/,10,10
SuperPoker BR,auto,ok,html,13,13
TG Pokerdom,telegram,"ошибка: RuntimeError: нет постов: канал закрыт, не существует или веб-превью отключено",,0,0
YT GipsyTeam,youtube,ошибка: HTTPError: 404 Client Error: Not Found for url: https://www.youtube.com/feeds/videos.xml?user=gipsyteam,,0,0
TG WorldPokerDeals,telegram,ok,,19,19
TG GipsyTeam,telegram,ok,,16,16
TG toppokerbro,telegram,"ошибка: RuntimeError: нет постов: канал закрыт, не существует или веб-превью отключено",,0,0
TG babyshark4,telegram,ok,,20,20
Twitch innerpsycho,twitch,пропущен: нет TWITCH_CLIENT_ID / TWITCH_CLIENT_SECRET,,0,0
Twitch allinpav,twitch,пропущен: нет TWITCH_CLIENT_ID / TWITCH_CLIENT_SECRET,,0,0
Twitch Poker clips 7d,twitch,пропущен: нет TWITCH_CLIENT_ID / TWITCH_CLIENT_SECRET,,0,0
YT UCeRUK5OM9ID6rvCwWYFkWCg,youtube,ok,,15,15
X innerpsy,rsshub,пропущен: не задан RSSHUB_URL,,0,0
X RealKidPoker,rsshub,пропущен: не задан RSSHUB_URL,,0,0
X 888poker,rsshub,пропущен: не задан RSSHUB_URL,,0,0
X GGPokerOfficial,rsshub,пропущен: не задан RSSHUB_URL,,0,0
X ACR_POKER,rsshub,пропущен: не задан RSSHUB_URL,,0,0
X RealPokerKing,rsshub,пропущен: не задан RSSHUB_URL,,0,0
X worldpokerdeals,rsshub,пропущен: не задан RSSHUB_URL,,0,0
X PokerNews,rsshub,пропущен: не задан RSSHUB_URL,,0,0
X LexVeldhuis,rsshub,пропущен: не задан RSSHUB_URL,,0,0
X WSOPcom,rsshub,пропущен: не задан RSSHUB_URL,,0,0
IG fedorholz,rsshub,пропущен: не задан RSSHUB_URL,,0,0
YT UCHyxrwq_j4vcReGKd42tWyw,youtube,ok,,15,15
YT Joe Ingram,youtube,ok,,15,15
Poker.ru,auto,ok,html,50,50
YT UCQIWNGKEIHM1B6NKcbKgMEg,youtube,ok,,15,15
Reddit r/poker,reddit,ok,,25,25
Upswing Blog,auto,ok,rss: https://upswingpoker.com/feed/,10,10
PokerNews,auto,ok,html,50,50
